MeetinDate,MeetingVenue,RaceNo,PoolText,WinCombination,DividendAmount
2018-03-03,ST,1,Win,4,120.5000
2018-03-03,ST,1,Place,4,37.0000
2018-03-03,ST,1,Place,2,12.5000
2018-03-03,ST,1,Place,13,35.0000
2018-03-03,ST,1,Quinella,"2, 4",141.5000
2018-03-03,ST,1,Quinella Place,"2, 4",56.0000
2018-03-03,ST,1,Quinella Place,"4, 13",238.0000
2018-03-03,ST,1,Quinella Place,"2, 13",67.5000
2018-03-03,ST,1,3 Pick 1,"2, 6",0.0000
2018-03-03,ST,1,3 Pick 1,"4, 7, 10",37.5000
2018-03-03,ST,1,3 Pick 1,"1, 3, 5, 8, 9, 11, 12, 13, 14",0.0000
2018-03-03,ST,1,Tierce,"4, 2, 13",5184.0000
2018-03-03,ST,1,Trio,"2, 4, 13",608.0000
2018-03-03,ST,1,First 4,"2, 4, 9, 13",989.0000
2018-03-03,ST,1,Quartet,"4, 2, 13, 9",30336.0000
2018-03-03,ST,2,Win,3,825.5000
2018-03-03,ST,2,Place,3,275.0000
2018-03-03,ST,2,Place,5,30.0000
2018-03-03,ST,2,Place,9,31.5000
2018-03-03,ST,2,Quinella,"3, 5",3637.5000
2018-03-03,ST,2,Quinella Place,"3, 5",870.0000
2018-03-03,ST,2,Quinella Place,"3, 9",1269.0000
2018-03-03,ST,2,Quinella Place,"5, 9",144.0000
2018-03-03,ST,2,3 Pick 1,"1, 13",0.0000
2018-03-03,ST,2,3 Pick 1,"2, 9, 12",0.0000
2018-03-03,ST,2,3 Pick 1,"3, 4, 5, 6, 7, 8, 10, 11, 14",19.5000
2018-03-03,ST,2,Tierce,"3, 5, 9",95473.0000
2018-03-03,ST,2,Trio,"3, 5, 9",12613.0000
2018-03-03,ST,2,First 4,"3, 5, 9, 12",28119.0000
2018-03-03,ST,2,Quartet,"3, 5, 9, 12",980918.0000
2018-03-03,ST,2,1st Double,4/3,8893.5000
2018-03-03,ST,2,1st Double (Consolation),4/5,119.0000
2018-03-03,ST,3,Win,2,14.0000
2018-03-03,ST,3,Place,2,11.5000
2018-03-03,ST,3,Place,5,15.0000
2018-03-03,ST,3,Place,7,23.5000
2018-03-03,ST,3,Quinella,"2, 5",44.5000
2018-03-03,ST,3,Quinella Place,"2, 5",19.5000
2018-03-03,ST,3,Quinella Place,"2, 7",30.5000
2018-03-03,ST,3,Quinella Place,"5, 7",71.0000
2018-03-03,ST,3,3 Pick 1,2,14.0000
2018-03-03,ST,3,3 Pick 1,"1, 3, 5",0.0000
2018-03-03,ST,3,3 Pick 1,"4, 6, 7",0.0000
2018-03-03,ST,3,Tierce,"2, 5, 7",305.0000
2018-03-03,ST,3,Trio,"2, 5, 7",116.0000
2018-03-03,ST,3,First 4,"1, 2, 5, 7",100.0000
2018-03-03,ST,3,Quartet,"2, 5, 7, 1",1091.0000
2018-03-03,ST,3,2nd Double,3/2,831.5000
2018-03-03,ST,3,2nd Double (Consolation),3/5,1264.5000
2018-03-03,ST,4,Win,2,81.0000
2018-03-03,ST,4,Place,2,28.0000
2018-03-03,ST,4,Place,8,14.5000
2018-03-03,ST,4,Place,3,27.0000
2018-03-03,ST,4,Quinella,"2, 8",135.0000
2018-03-03,ST,4,Quinella Place,"2, 8",53.0000
2018-03-03,ST,4,Quinella Place,"2, 3",165.5000
2018-03-03,ST,4,Quinella Place,"3, 8",61.0000
2018-03-03,ST,4,3 Pick 1,"1, 9",0.0000
2018-03-03,ST,4,3 Pick 1,"2, 8, 11",19.5000
2018-03-03,ST,4,3 Pick 1,"3, 4, 5, 6, 7, 10, 12",0.0000
2018-03-03,ST,4,Tierce,"2, 8, 3",3303.0000
2018-03-03,ST,4,Trio,"2, 3, 8",437.0000
2018-03-03,ST,4,First 4,"1, 2, 3, 8",343.0000
2018-03-03,ST,4,Quartet,"2, 8, 3, 1",12031.0000
2018-03-03,ST,4,3rd Double,2/2,116.5000
2018-03-03,ST,4,3rd Double (Consolation),2/8,10.5000
2018-03-03,ST,4,1st Double Trio,"2, 5, 7/2, 3, 8",7709.0000
2018-03-03,ST,5,Win,11,123.0000
2018-03-03,ST,5,Place,11,41.0000
2018-03-03,ST,5,Place,2,14.5000
2018-03-03,ST,5,Place,9,21.5000
2018-03-03,ST,5,Quinella,"2, 11",273.5000
2018-03-03,ST,5,Quinella Place,"2, 11",97.5000
2018-03-03,ST,5,Quinella Place,"9, 11",137.0000
2018-03-03,ST,5,Quinella Place,"2, 9",47.5000
2018-03-03,ST,5,3 Pick 1,"2, 4",0.0000
2018-03-03,ST,5,3 Pick 1,"6, 9, 12",0.0000
2018-03-03,ST,5,3 Pick 1,"1, 3, 5, 7, 8, 10, 11, 13",30.0000
2018-03-03,ST,5,Tierce,"11, 2, 9",3055.0000
2018-03-03,ST,5,Trio,"2, 9, 11",449.0000
2018-03-03,ST,5,First 4,"1, 2, 9, 11",2195.0000
2018-03-03,ST,5,Quartet,"11, 2, 9, 1",40383.0000
2018-03-03,ST,5,4th Double,2/11,1550.0000
2018-03-03,ST,5,4th Double (Consolation),2/2,64.0000
2018-03-03,ST,6,Win,4,15.5000
2018-03-03,ST,6,Place,4,12.0000
2018-03-03,ST,6,Place,5,31.5000
2018-03-03,ST,6,Place,6,27.5000
2018-03-03,ST,6,Quinella,"4, 5",124.5000
2018-03-03,ST,6,Quinella Place,"4, 5",51.0000
2018-03-03,ST,6,Quinella Place,"4, 6",34.5000
2018-03-03,ST,6,Quinella Place,"5, 6",184.5000
2018-03-03,ST,6,3 Pick 1,4,15.5000
2018-03-03,ST,6,3 Pick 1,"2, 3, 6",0.0000
2018-03-03,ST,6,3 Pick 1,"1, 5, 7, 8, 9, 10, 11, 12, 13, 14",0.0000
2018-03-03,ST,6,Tierce,"4, 5, 6",742.0000
2018-03-03,ST,6,Trio,"4, 5, 6",283.0000
2018-03-03,ST,6,First 4,"3, 4, 5, 6",378.0000
2018-03-03,ST,6,Quartet,"4, 5, 6, 3",4013.0000
2018-03-03,ST,6,5th Double,11/4,223.0000
2018-03-03,ST,6,5th Double (Consolation),11/5,517.5000
2018-03-03,ST,6,Triple Trio,"2, 3, 8/2, 9, 11/4, 5, 6",1165625.0000
2018-03-03,ST,6,Triple Trio (Consolation),"2, 3, 8/2, 9, 11/F",3178.0000
2018-03-03,ST,7,Win,3,27.0000
2018-03-03,ST,7,Place,3,13.0000
2018-03-03,ST,7,Place,4,14.0000
2018-03-03,ST,7,Place,9,23.5000
2018-03-03,ST,7,Quinella,"3, 4",46.5000
2018-03-03,ST,7,Quinella Place,"3, 4",20.0000
2018-03-03,ST,7,Quinella Place,"3, 9",38.5000
2018-03-03,ST,7,Quinella Place,"4, 9",59.0000
2018-03-03,ST,7,3 Pick 1,"4, 8",0.0000
2018-03-03,ST,7,3 Pick 1,"1, 2, 3",19.5000
2018-03-03,ST,7,3 Pick 1,"5, 6, 7, 9, 10",0.0000
2018-03-03,ST,7,Tierce,"3, 4, 9",331.0000
2018-03-03,ST,7,Trio,"3, 4, 9",85.0000
2018-03-03,ST,7,First 4,"3, 4, 8, 9",102.0000
2018-03-03,ST,7,Quartet,"3, 4, 9, 8",1137.0000
2018-03-03,ST,7,6th Double,"4/1, 3",30.5000
2018-03-03,ST,7,6th Double (Consolation),4/4,11.5000
2018-03-03,ST,7,2nd Double Trio,"4, 5, 6/9>1, 3, 4",5414.0000
2018-03-03,ST,8,Win,4,172.5000
2018-03-03,ST,8,Place,4,42.5000
2018-03-03,ST,8,Place,11,34.5000
2018-03-03,ST,8,Place,5,19.0000
2018-03-03,ST,8,Quinella,"4, 11",1325.0000
2018-03-03,ST,8,Quinella Place,"4, 11",307.0000
2018-03-03,ST,8,Quinella Place,"4, 5",138.0000
2018-03-03,ST,8,Quinella Place,"5, 11",109.5000
2018-03-03,ST,8,3 Pick 1,"2, 8",0.0000
2018-03-03,ST,8,3 Pick 1,"1, 5, 11",0.0000
2018-03-03,ST,8,3 Pick 1,"3, 4, 6, 9, 10",46.0000
2018-03-03,ST,8,Tierce,"4, 11, 5",11329.0000
2018-03-03,ST,8,Trio,"4, 5, 11",1846.0000
2018-03-03,ST,8,First 4,"4, 5, 9, 11",11249.0000
2018-03-03,ST,8,Quartet,"4, 11, 5, 9",272106.0000
2018-03-03,ST,8,7th Double,"1, 3/4",328.0000
2018-03-03,ST,8,7th Double (Consolation),"1, 3/11",47.0000
2018-03-03,ST,9,Win,6,62.0000
2018-03-03,ST,9,Place,6,22.5000
2018-03-03,ST,9,Place,8,13.0000
2018-03-03,ST,9,Place,3,39.5000
2018-03-03,ST,9,Quinella,"6, 8",78.5000
2018-03-03,ST,9,Quinella Place,"6, 8",35.5000
2018-03-03,ST,9,Quinella Place,"3, 6",152.5000
2018-03-03,ST,9,Quinella Place,"3, 8",85.5000
2018-03-03,ST,9,3 Pick 1,"6, 8",17.5000
2018-03-03,ST,9,3 Pick 1,"4, 5, 9",0.0000
2018-03-03,ST,9,3 Pick 1,"1, 2, 3, 7, 10, 11, 12, 13, 14",0.0000
2018-03-03,ST,9,Tierce,"6, 8, 3",2505.0000
2018-03-03,ST,9,Trio,"3, 6, 8",384.0000
2018-03-03,ST,9,First 4,"3, 6, 8, 13",5707.0000
2018-03-03,ST,9,Quartet,"6, 8, 3, 13",114691.0000
2018-03-03,ST,9,8th Double,4/6,1176.5000
2018-02-10,ST,1,Win,8,42.0000
2018-02-10,ST,1,Place,8,15.0000
2018-02-10,ST,1,Place,12,24.5000
2018-02-10,ST,1,Place,1,15.5000
2018-02-10,ST,1,Quinella,"8, 12",132.5000
2018-02-10,ST,1,Quinella Place,"8, 12",54.5000
2018-02-10,ST,1,Quinella Place,"1, 8",49.0000
2018-02-10,ST,1,Quinella Place,"1, 12",65.0000
2018-02-10,ST,1,3 Pick 1,"1, 3",0.0000
2018-02-10,ST,1,3 Pick 1,"8, 10, 12",20.0000
2018-02-10,ST,1,3 Pick 1,"2, 4, 5, 6, 7, 9, 11, 13, 14",0.0000
2018-02-10,ST,1,Tierce,"8, 12, 1",1273.0000
2018-02-10,ST,1,Trio,"1, 8, 12",222.0000
2018-02-10,ST,1,First 4,"1, 8, 12, 13",808.0000
2018-02-10,ST,1,Quartet,"8, 12, 1, 13",14398.0000
2018-02-10,ST,2,Win,5,117.0000
2018-02-10,ST,2,Place,5,40.5000
2018-02-10,ST,2,Place,10,25.0000
2018-02-10,ST,2,Place,9,22.0000
2018-02-10,ST,2,Quinella,"5, 10",566.0000
2018-02-10,ST,2,Quinella Place,"5, 10",160.0000
2018-02-10,ST,2,Quinella Place,"5, 9",145.5000
2018-02-10,ST,2,Quinella Place,"9, 10",133.5000
2018-02-10,ST,2,3 Pick 1,"8, 9",0.0000
2018-02-10,ST,2,3 Pick 1,"3, 6, 10",0.0000
2018-02-10,ST,2,3 Pick 1,"1, 2, 4, 5, 7, 11",19.5000
2018-02-10,ST,2,Tierce,"5, 10, 9",9855.0000
2018-02-10,ST,2,Trio,"5, 9, 10",1293.0000
2018-02-10,ST,2,First 4,"2, 5, 9, 10",2027.0000
2018-02-10,ST,2,Quartet,"5, 10, 9, 2",59937.0000
2018-02-10,ST,2,1st Double,8/5,359.5000
2018-02-10,ST,2,1st Double (Consolation),8/10,94.5000
2018-02-10,ST,3,Win,8,55.5000
2018-02-10,ST,3,Place,8,15.5000
2018-02-10,ST,3,Place,4,26.5000
2018-02-10,ST,3,Place,11,22.0000
2018-02-10,ST,3,Quinella,"4, 8",287.5000
2018-02-10,ST,3,Quinella Place,"4, 8",53.0000
2018-02-10,ST,3,Quinella Place,"8, 11",54.0000
2018-02-10,ST,3,Quinella Place,"4, 11",99.0000
2018-02-10,ST,3,3 Pick 1,"1, 8",12.5000
2018-02-10,ST,3,3 Pick 1,"4, 10, 11",0.0000
2018-02-10,ST,3,3 Pick 1,"2, 3, 5, 6, 7, 9",0.0000
2018-02-10,ST,3,Tierce,"8, 4, 11",2367.0000
2018-02-10,ST,3,Trio,"4, 8, 11",472.0000
2018-02-10,ST,3,First 4,"4, 7, 8, 11",2813.0000
2018-02-10,ST,3,Quartet,"8, 4, 11, 7",36960.0000
2018-02-10,ST,3,2nd Double,5/8,597.5000
2018-02-10,ST,3,2nd Double (Consolation),5/4,160.5000
2018-02-10,ST,4,Win,12,248.5000
2018-02-10,ST,4,Place,12,61.5000
2018-02-10,ST,4,Place,7,23.5000
2018-02-10,ST,4,Place,5,17.0000
2018-02-10,ST,4,Quinella,"7, 12",783.5000
2018-02-10,ST,4,Quinella Place,"7, 12",238.5000
2018-02-10,ST,4,Quinella Place,"5, 12",219.5000
2018-02-10,ST,4,Quinella Place,"5, 7",62.0000
2018-02-10,ST,4,3 Pick 1,"2, 7",0.0000
2018-02-10,ST,4,3 Pick 1,"1, 4, 5",0.0000
2018-02-10,ST,4,3 Pick 1,"3, 6, 8, 9, 10, 11, 12",25.0000
2018-02-10,ST,4,Tierce,"12, 7, 5",13397.0000
2018-02-10,ST,4,Trio,"5, 7, 12",1464.0000
2018-02-10,ST,4,First 4,"3, 5, 7, 12",2974.0000
2018-02-10,ST,4,Quartet,"12, 7, 5, 3",91547.0000
2018-02-10,ST,4,3rd Double,8/12,1335.5000
2018-02-10,ST,4,3rd Double (Consolation),8/7,45.0000
2018-02-10,ST,4,1st Double Trio,"4, 8, 11/5, 7, 12",143450.0000
2018-02-10,ST,5,Win,7,109.0000
2018-02-10,ST,5,Place,7,32.5000
2018-02-10,ST,5,Place,2,14.0000
2018-02-10,ST,5,Place,5,17.0000
2018-02-10,ST,5,Quinella,"2, 7",166.5000
2018-02-10,ST,5,Quinella Place,"2, 7",65.0000
2018-02-10,ST,5,Quinella Place,"5, 7",77.0000
2018-02-10,ST,5,Quinella Place,"2, 5",33.5000
2018-02-10,ST,5,3 Pick 1,"2, 4",0.0000
2018-02-10,ST,5,3 Pick 1,"5, 9, 13",0.0000
2018-02-10,ST,5,3 Pick 1,"1, 3, 6, 7, 8, 10, 11, 12, 14",24.5000
2018-02-10,ST,5,Tierce,"7, 2, 5",1702.0000
2018-02-10,ST,5,Trio,"2, 5, 7",196.0000
2018-02-10,ST,5,First 4,"2, 4, 5, 7",413.0000
2018-02-10,ST,5,Quartet,"7, 2, 5, 4",13784.0000
2018-02-10,ST,5,4th Double,12/7,2708.5000
2018-02-10,ST,5,4th Double (Consolation),12/2,158.0000
2018-02-10,ST,6,Win,11,60.5000
2018-02-10,ST,6,Place,11,22.0000
2018-02-10,ST,6,Place,7,61.5000
2018-02-10,ST,6,Place,13,23.0000
2018-02-10,ST,6,Quinella,"7, 11",625.5000
2018-02-10,ST,6,Quinella Place,"7, 11",189.0000
2018-02-10,ST,6,Quinella Place,"11, 13",66.5000
2018-02-10,ST,6,Quinella Place,"7, 13",255.5000
2018-02-10,ST,6,3 Pick 1,"8, 11",31.5000
2018-02-10,ST,6,3 Pick 1,"7, 10, 13",0.0000
2018-02-10,ST,6,3 Pick 1,"1, 2, 3, 4, 5, 6, 9, 12, 14",0.0000
2018-02-10,ST,6,Tierce,"11, 7, 13",7991.0000
2018-02-10,ST,6,Trio,"7, 11, 13",1173.0000
2018-02-10,ST,6,First 4,"7, 10, 11, 13",1568.0000
2018-02-10,ST,6,Quartet,"11, 7, 13, 10",40564.0000
2018-02-10,ST,6,5th Double,7/11,532.5000
2018-02-10,ST,6,5th Double (Consolation),7/7,406.0000
2018-02-10,ST,6,Triple Trio,"5, 7, 12/2, 5, 7/7, 11, 13",9137126.0000
2018-02-10,ST,6,Triple Trio (Consolation),"5, 7, 12/2, 5, 7/F",8036.0000
2018-02-10,ST,7,Win,6,13.5000
2018-02-10,ST,7,Place,6,10.1000
2018-02-10,ST,7,Place,7,15.0000
2018-02-10,ST,7,Place,4,25.5000
2018-02-10,ST,7,Quinella,"6, 7",29.5000
2018-02-10,ST,7,Quinella Place,"6, 7",16.5000
2018-02-10,ST,7,Quinella Place,"4, 6",30.5000
2018-02-10,ST,7,Quinella Place,"4, 7",50.0000
2018-02-10,ST,7,3 Pick 1,6,13.5000
2018-02-10,ST,7,3 Pick 1,"2, 4, 7",0.0000
2018-02-10,ST,7,3 Pick 1,"1, 3, 5, 8, 9, 10",0.0000
2018-02-10,ST,7,Tierce,"6, 7, 4",149.0000
2018-02-10,ST,7,Trio,"4, 6, 7",59.0000
2018-02-10,ST,7,First 4,"4, 5, 6, 7",119.0000
2018-02-10,ST,7,Quartet,"6, 7, 4, 5",665.0000
2018-02-10,ST,7,6th Double,11/6,79.5000
2018-02-10,ST,7,6th Double (Consolation),11/7,46.5000
2018-02-10,ST,7,2nd Double Trio,"7, 11, 13/4, 6, 7",10609.0000
2018-02-25,ST,1,Win,13,38.5000
2018-02-25,ST,1,Place,13,14.5000
2018-02-25,ST,1,Place,9,14.0000
2018-02-25,ST,1,Place,2,28.5000
2018-02-25,ST,1,Quinella,"9, 13",65.0000
2018-02-25,ST,1,Quinella Place,"9, 13",29.0000
2018-02-25,ST,1,Quinella Place,"2, 13",55.0000
2018-02-25,ST,1,Quinella Place,"2, 9",60.0000
2018-02-25,ST,1,3 Pick 1,"4, 9",0.0000
2018-02-25,ST,1,3 Pick 1,"7, 12, 13",21.0000
2018-02-25,ST,1,3 Pick 1,"1, 2, 3, 5, 6, 8, 10, 11",0.0000
2018-02-25,ST,1,Tierce,"13, 9, 2",669.0000
2018-02-25,ST,1,Trio,"2, 9, 13",147.0000
2018-02-25,ST,1,First 4,"1, 2, 9, 13",1286.0000
2018-02-25,ST,1,Quartet,"13, 9, 2, 1",14915.0000
2018-02-25,ST,2,Win,1,53.5000
2018-02-25,ST,2,Place,1,15.5000
2018-02-25,ST,2,Place,7,30.5000
2018-02-25,ST,2,Place,6,25.5000
2018-02-25,ST,2,Quinella,"1, 7",181.5000
2018-02-25,ST,2,Quinella Place,"1, 7",62.0000
2018-02-25,ST,2,Quinella Place,"1, 6",56.5000
2018-02-25,ST,2,Quinella Place,"6, 7",101.0000
2018-02-25,ST,2,3 Pick 1,2,0.0000
2018-02-25,ST,2,3 Pick 1,"1, 3, 4",22.0000
2018-02-25,ST,2,3 Pick 1,"5, 6, 7",0.0000
2018-02-25,ST,2,Tierce,"1, 7, 6",2715.0000
2018-02-25,ST,2,Trio,"1, 6, 7",594.0000
2018-02-25,ST,2,First 4,"1, 2, 6, 7",201.0000
2018-02-25,ST,2,Quartet,"1, 7, 6, 2",7380.0000
2018-02-25,ST,2,1st Double,13/1,249.5000
2018-02-25,ST,2,1st Double (Consolation),13/7,95.0000
2018-02-25,ST,3,Win,12,394.0000
2018-02-10,ST,8,Win,1,27.0000
2018-02-10,ST,8,Place,1,13.0000
2018-02-10,ST,8,Place,9,15.0000
2018-02-10,ST,8,Place,10,20.5000
2018-02-10,ST,8,Quinella,"1, 9",45.0000
2018-02-10,ST,8,Quinella Place,"1, 9",21.5000
2018-02-10,ST,8,Quinella Place,"1, 10",40.0000
2018-02-10,ST,8,Quinella Place,"9, 10",50.0000
2018-02-10,ST,8,3 Pick 1,"1, 9",15.5000
2018-02-10,ST,8,3 Pick 1,"4, 8, 10",0.0000
2018-02-10,ST,8,3 Pick 1,"2, 3, 5, 6, 7, 11, 12",0.0000
2018-02-10,ST,8,Tierce,"1, 9, 10",298.0000
2018-02-10,ST,8,Trio,"1, 9, 10",70.0000
2018-02-10,ST,8,First 4,"1, 3, 9, 10",2035.0000
2018-02-10,ST,8,Quartet,"1, 9, 10, 3",12925.0000
2018-02-10,ST,8,7th Double,6/1,30.0000
2018-02-10,ST,8,7th Double (Consolation),6/9,10.5000
2018-02-10,ST,9,Win,9,47.5000
2018-02-10,ST,9,Place,9,19.5000
2018-02-10,ST,9,Place,1,22.5000
2018-02-10,ST,9,Place,5,12.0000
2018-02-10,ST,9,Quinella,"1, 9",157.5000
2018-02-10,ST,9,Quinella Place,"1, 9",51.5000
2018-02-10,ST,9,Quinella Place,"5, 9",31.0000
2018-02-10,ST,9,Quinella Place,"1, 5",35.0000
2018-02-10,ST,9,3 Pick 1,"5, 9",18.5000
2018-02-10,ST,9,3 Pick 1,"1, 3, 11",0.0000
2018-02-10,ST,9,3 Pick 1,"2, 4, 6, 7, 8, 10, 12",0.0000
2018-02-10,ST,9,Tierce,"9, 1, 5",627.0000
2018-02-10,ST,9,Trio,"1, 5, 9",89.0000
2018-02-10,ST,9,First 4,"1, 5, 8, 9",249.0000
2018-02-10,ST,9,Quartet,"9, 1, 5, 8",5546.0000
2018-02-10,ST,9,8th Double,1/9,135.0000
2018-02-10,ST,9,8th Double (Consolation),1/1,28.5000
2018-02-10,ST,10,Win,3,100.5000
2018-02-10,ST,10,Place,3,32.0000
2018-02-10,ST,10,Place,6,52.0000
2018-02-10,ST,10,Place,1,14.0000
2018-02-10,ST,10,Quinella,"3, 6",1189.5000
2018-02-10,ST,10,Quinella Place,"3, 6",362.5000
2018-02-10,ST,10,Quinella Place,"1, 3",84.0000
2018-02-10,ST,10,Quinella Place,"1, 6",145.0000
2018-02-10,ST,10,3 Pick 1,"1, 9",0.0000
2018-02-10,ST,10,3 Pick 1,"2, 3, 4",35.0000
2018-02-10,ST,10,3 Pick 1,"5, 6, 7, 8, 10, 11, 12",0.0000
2018-02-10,ST,10,Tierce,"3, 6, 1",10779.0000
2018-02-10,ST,10,Trio,"1, 3, 6",1203.0000
2018-02-10,ST,10,First 4,"1, 3, 5, 6",1503.0000
2018-02-10,ST,10,Quartet,"3, 6, 1, 5",61134.0000
2018-02-10,ST,10,9th Double,9/3,799.0000
2018-02-10,ST,10,9th Double (Consolation),9/6,165.0000
2018-02-10,ST,10,Treble,1/9/3,1941.0000
2018-02-10,ST,10,Treble (Consolation),1/9/6,504.0000
2018-02-10,ST,10,3rd Double Trio,"1, 5, 9/1, 3, 6",15350.0000
2018-02-10,ST,10,Six Up,"2, 7/7, 11/6, 7/1, 9/1, 9/3, 6",3990.0000
2018-02-10,ST,10,Six Win Bonus,7/11/6/1/9/3,161264.0000
2018-02-14,HV,1,Win,11,52.0000
2018-02-14,HV,1,Place,11,19.5000
2018-02-14,HV,1,Place,2,22.5000
2018-02-14,HV,1,Place,7,15.0000
2018-02-14,HV,1,Quinella,"2, 11",159.5000
2018-02-14,HV,1,Quinella Place,"2, 11",62.0000
2018-02-14,HV,1,Quinella Place,"7, 11",51.5000
2018-02-14,HV,1,Quinella Place,"2, 7",62.0000
2018-02-14,HV,1,3 Pick 1,"2, 7",0.0000
2018-02-14,HV,1,3 Pick 1,"3, 10, 11",24.5000
2018-02-14,HV,1,3 Pick 1,"1, 4, 5, 6, 8, 9, 12",0.0000
2018-02-14,HV,1,Tierce,"11, 2, 7",1724.0000
2018-02-14,HV,1,Trio,"2, 7, 11",259.0000
2018-02-14,HV,1,First 4,"1, 2, 7, 11",3272.0000
2018-02-14,HV,1,Quartet,"11, 2, 7, 1",61814.0000
2018-02-14,HV,2,Win,8,165.5000
2018-02-14,HV,2,Place,8,36.5000
2018-02-14,HV,2,Place,6,33.5000
2018-02-14,HV,2,Place,5,76.5000
2018-02-14,HV,2,Quinella,"6, 8",838.0000
2018-02-14,HV,2,Quinella Place,"6, 8",224.5000
2018-02-14,HV,2,Quinella Place,"5, 8",719.5000
2018-02-14,HV,2,Quinella Place,"5, 6",517.5000
2018-02-14,HV,2,3 Pick 1,"2, 4",0.0000
2018-02-14,HV,2,3 Pick 1,"9, 10, 12",0.0000
2018-02-14,HV,2,3 Pick 1,"1, 3, 5, 6, 7, 8, 11",37.5000
2018-02-14,HV,2,Tierce,"8, 6, 5",42589.0000
2018-02-14,HV,2,Trio,"5, 6, 8",7949.0000
2018-02-14,HV,2,First 4,"5, 6, 8, 12",6137.0000
2018-02-14,HV,2,Quartet,"8, 6, 5, 12",172337.0000
2018-02-14,HV,2,1st Double,11/8,1339.0000
2018-02-14,HV,2,1st Double (Consolation),11/6,140.5000
2018-02-14,HV,3,Win,7,32.0000
2018-02-14,HV,3,Place,7,15.0000
2018-02-14,HV,3,Place,3,17.5000
2018-02-14,HV,3,Place,1,16.5000
2018-02-14,HV,3,Quinella,"3, 7",96.0000
2018-02-14,HV,3,Quinella Place,"3, 7",41.5000
2018-02-14,HV,3,Quinella Place,"1, 7",26.0000
2018-02-14,HV,3,Quinella Place,"1, 3",53.0000
2018-02-14,HV,3,3 Pick 1,"1, 7",19.5000
2018-02-14,HV,3,3 Pick 1,"2, 3, 10",0.0000
2018-02-14,HV,3,3 Pick 1,"4, 5, 6, 8, 9, 11, 12",0.0000
2018-02-14,HV,3,Tierce,"7, 3, 1",650.0000
2018-02-14,HV,3,Trio,"1, 3, 7",126.0000
2018-02-14,HV,3,First 4,"1, 2, 3, 7",227.0000
2018-02-14,HV,3,Quartet,"7, 3, 1, 2",3462.0000
2018-02-14,HV,3,2nd Double,8/7,687.5000
2018-02-14,HV,3,2nd Double (Consolation),8/3,222.5000
2018-02-14,HV,4,Win,8,67.5000
2018-02-14,HV,4,Place,8,21.0000
2018-02-14,HV,4,Place,12,15.5000
2018-02-14,HV,4,Place,7,36.5000
2018-02-14,HV,4,Quinella,"8, 12",123.0000
2018-02-14,HV,4,Quinella Place,"8, 12",53.5000
2018-02-14,HV,4,Quinella Place,"7, 8",153.5000
2018-02-14,HV,4,Quinella Place,"7, 12",113.5000
2018-02-14,HV,4,3 Pick 1,"6, 12",0.0000
2018-02-14,HV,4,3 Pick 1,"1, 4, 8",25.5000
2018-02-14,HV,4,3 Pick 1,"2, 3, 5, 7, 9, 10, 11",0.0000
2018-02-14,HV,4,Tierce,"8, 12, 7",3893.0000
2018-02-14,HV,4,Trio,"7, 8, 12",654.0000
2018-02-14,HV,4,First 4,"6, 7, 8, 12",797.0000
2018-02-14,HV,4,Quartet,"8, 12, 7, 6",21100.0000
2018-02-14,HV,4,3rd Double,7/8,279.5000
2018-02-14,HV,4,3rd Double (Consolation),7/12,11.0000
2018-02-14,HV,4,1st Double Trio,"1, 3, 7/7, 8, 12",14998.0000
2018-02-14,HV,5,Win,4,54.0000
2018-02-14,HV,5,Place,4,16.5000
2018-02-14,HV,5,Place,1,13.0000
2018-02-14,HV,5,Place,8,14.0000
2018-02-14,HV,5,Quinella,"1, 4",90.5000
2018-02-14,HV,5,Quinella Place,"1, 4",35.0000
2018-02-14,HV,5,Quinella Place,"4, 8",31.0000
2018-02-14,HV,5,Quinella Place,"1, 8",26.5000
2018-02-14,HV,5,3 Pick 1,"1, 8",0.0000
2018-02-14,HV,5,3 Pick 1,"2, 4, 6",32.0000
2018-02-14,HV,5,3 Pick 1,"3, 5, 7, 9, 10, 11, 12",0.0000
2018-02-14,HV,5,Tierce,"4, 1, 8",411.0000
2018-02-14,HV,5,Trio,"1, 4, 8",68.0000
2018-02-14,HV,5,First 4,"1, 4, 8, 10",147.0000
2018-02-14,HV,5,Quartet,"4, 1, 8, 10",3847.0000
2018-02-14,HV,5,4th Double,8/4,371.5000
2018-02-14,HV,5,4th Double (Consolation),8/1,48.5000
2018-02-14,HV,6,Win,8,69.5000
2018-02-14,HV,6,Place,8,24.0000
2018-02-14,HV,6,Place,7,20.0000
2018-02-14,HV,6,Place,2,45.5000
2018-02-14,HV,6,Quinella,"7, 8",230.0000
2018-02-14,HV,6,Quinella Place,"7, 8",86.0000
2018-02-14,HV,6,Quinella Place,"2, 8",184.0000
2018-02-14,HV,6,Quinella Place,"2, 7",137.5000
2018-02-14,HV,6,3 Pick 1,"1, 8",29.5000
2018-02-14,HV,6,3 Pick 1,"4, 5, 11",0.0000
2018-02-14,HV,6,3 Pick 1,"2, 3, 6, 7, 9, 10, 12",0.0000
2018-02-14,HV,6,Tierce,"8, 7, 2",5736.0000
2018-02-14,HV,6,Trio,"2, 7, 8",1381.0000
2018-02-14,HV,6,First 4,"2, 4, 7, 8",2421.0000
2018-02-14,HV,6,Quartet,"8, 7, 2, 4",49620.0000
2018-02-14,HV,6,5th Double,4/8,310.5000
2018-02-14,HV,6,5th Double (Consolation),4/7,75.0000
2018-02-14,HV,6,Triple Trio,"7, 8, 12/1, 4, 8/2, 7, 8",678382.0000
2018-02-14,HV,6,Triple Trio (Consolation),"7, 8, 12/1, 4, 8/F",1091.0000
2018-02-14,HV,7,Win,7,70.0000
2018-02-14,HV,7,Place,7,19.5000
2018-02-14,HV,7,Place,8,14.5000
2018-02-14,HV,7,Place,11,20.0000
2018-02-14,HV,7,Quinella,"7, 8",134.0000
2018-02-14,HV,7,Quinella Place,"7, 8",55.5000
2018-02-14,HV,7,Quinella Place,"7, 11",70.0000
2018-02-14,HV,7,Quinella Place,"8, 11",36.5000
2018-02-14,HV,7,3 Pick 1,"8, 9",0.0000
2018-02-14,HV,7,3 Pick 1,"7, 11, 12",27.0000
2018-02-14,HV,7,3 Pick 1,"1, 2, 3, 4, 5, 6, 10",0.0000
2018-02-14,HV,7,Tierce,"7, 8, 11",1734.0000
2018-02-14,HV,7,Trio,"7, 8, 11",254.0000
2018-02-14,HV,7,First 4,"7, 8, 11, 12",600.0000
2018-02-14,HV,7,Quartet,"7, 8, 11, 12",13420.0000
2018-02-14,HV,7,6th Double,8/7,366.0000
2018-02-14,HV,7,6th Double (Consolation),8/8,46.0000
2018-02-14,HV,7,2nd Double Trio,"2, 7, 8/7, 8, 11",39386.0000
2018-02-14,HV,8,Win,3,44.5000
2018-02-14,HV,8,Place,3,16.5000
2018-02-14,HV,8,Place,11,61.0000
2018-02-14,HV,8,Place,5,16.0000
2018-02-14,HV,8,Quinella,"3, 11",635.0000
2018-02-14,HV,8,Quinella Place,"3, 11",187.0000
2018-02-14,HV,8,Quinella Place,"3, 5",32.0000
2018-02-14,HV,8,Quinella Place,"5, 11",152.0000
2018-02-14,HV,8,3 Pick 1,"2, 5",0.0000
2018-02-14,HV,8,3 Pick 1,"3, 7, 9",20.5000
2018-02-14,HV,8,3 Pick 1,"1, 4, 6, 8, 10, 11, 12",0.0000
2018-02-14,HV,8,Tierce,"3, 11, 5",3981.0000
2018-02-14,HV,8,Trio,"3, 5, 11",686.0000
2018-02-14,HV,8,First 4,"2, 3, 5, 11",718.0000
2018-02-14,HV,8,Quartet,"3, 11, 5, 2",20816.0000
2018-02-14,HV,8,7th Double,7/3,376.5000
2018-02-14,HV,8,7th Double (Consolation),7/11,259.0000
2018-02-14,HV,8,Treble,8/7/3,2519.0000
2018-02-14,HV,8,Treble (Consolation),8/7/11,3455.0000
2018-02-14,HV,8,Six Up,"3, 7/8, 12/1, 4/7, 8/7, 8/3, 11",1751.0000
2018-02-14,HV,8,Six Win Bonus,7/8/4/8/7/3,156236.0000
2018-02-21,HV,1,Win,1,84.5000
2018-02-21,HV,1,Place,1,23.0000
2018-02-21,HV,1,Place,11,35.0000
2018-02-21,HV,1,Place,2,15.0000
2018-02-21,HV,1,Quinella,"1, 11",461.0000
2018-02-21,HV,1,Quinella Place,"1, 11",135.5000
2018-02-21,HV,1,Quinella Place,"1, 2",43.0000
2018-02-21,HV,1,Quinella Place,"2, 11",92.0000
2018-02-21,HV,1,3 Pick 1,"2, 4",0.0000
2018-02-21,HV,1,3 Pick 1,"1, 5, 11",33.5000
2018-02-21,HV,1,3 Pick 1,"3, 6, 7, 8, 9, 10, 12",0.0000
2018-02-21,HV,1,Tierce,"1, 11, 2",3437.0000
2018-02-21,HV,1,Trio,"1, 2, 11",434.0000
2018-02-21,HV,1,First 4,"1, 2, 7, 11",936.0000
2018-02-21,HV,1,Quartet,"1, 11, 2, 7",25727.0000
2018-02-21,HV,2,Win,3,80.5000
2018-02-21,HV,2,Place,3,32.5000
2018-02-21,HV,2,Place,1,12.0000
2018-02-21,HV,2,Quinella,"1, 3",72.0000
2018-02-21,HV,2,Quinella Place,-,0.0000
2018-02-21,HV,2,Tierce,"3, 1, 7",849.0000
2018-02-21,HV,2,Trio,"1, 3, 7",120.0000
2018-02-21,HV,2,First 4,"1, 3, 5, 7",147.0000
2018-02-21,HV,2,Quartet,"3, 1, 7, 5",3422.0000
2018-02-21,HV,2,1st Double,1/3,317.0000
2018-02-21,HV,2,1st Double (Consolation),1/1,29.0000
2018-02-21,HV,3,Win,3,97.5000
2018-02-21,HV,3,Place,3,24.5000
2018-02-21,HV,3,Place,2,10.5000
2018-02-21,HV,3,Place,1,26.0000
2018-02-21,HV,3,Quinella,"2, 3",60.0000
2018-02-21,HV,3,Quinella Place,"2, 3",31.5000
2018-02-21,HV,3,Quinella Place,"1, 3",93.0000
2018-02-21,HV,3,Quinella Place,"1, 2",44.5000
2018-02-21,HV,3,3 Pick 1,"2, 6",0.0000
2018-02-21,HV,3,3 Pick 1,"1, 3, 11",33.0000
2018-02-21,HV,3,3 Pick 1,"4, 5, 7, 8, 9, 10, 12",0.0000
2018-02-21,HV,3,Tierce,"3, 2, 1",1217.0000
2018-02-21,HV,3,Trio,"1, 2, 3",186.0000
2018-02-21,HV,3,First 4,"1, 2, 3, 6",455.0000
2018-02-21,HV,3,Quartet,"3, 2, 1, 6",12699.0000
2018-02-21,HV,3,2nd Double,3/3,739.0000
2018-02-21,HV,3,2nd Double (Consolation),3/2,44.0000
2018-02-21,HV,4,Win,2,50.0000
2018-02-21,HV,4,Place,2,22.5000
2018-02-21,HV,4,Place,4,29.5000
2018-02-21,HV,4,Place,9,23.5000
2018-02-21,HV,4,Quinella,"2, 4",249.5000
2018-02-21,HV,4,Quinella Place,"2, 4",86.0000
2018-02-21,HV,4,Quinella Place,"2, 9",75.5000
2018-02-21,HV,4,Quinella Place,"4, 9",109.0000
2018-02-21,HV,4,3 Pick 1,"7, 8",0.0000
2018-02-21,HV,4,3 Pick 1,"2, 3, 9",18.0000
2018-02-21,HV,4,3 Pick 1,"1, 4, 5, 6, 10, 11, 12",0.0000
2018-02-21,HV,4,Tierce,"2, 4, 9",2685.0000
2018-02-21,HV,4,Trio,"2, 4, 9",478.0000
2018-02-21,HV,4,First 4,"2, 4, 9, 10",3973.0000
2018-02-21,HV,4,Quartet,"2, 4, 9, 10",54843.0000
2018-02-21,HV,4,3rd Double,3/2,413.5000
2018-02-21,HV,4,3rd Double (Consolation),3/4,176.0000
2018-02-21,HV,5,Win,5,54.0000
2018-02-21,HV,5,Place,5,20.0000
2018-02-21,HV,5,Place,10,20.5000
2018-02-21,HV,5,Place,2,34.0000
2018-02-21,HV,5,Quinella,"5, 10",180.5000
2018-02-21,HV,5,Quinella Place,"5, 10",70.5000
2018-02-21,HV,5,Quinella Place,"2, 5",98.0000
2018-02-21,HV,5,Quinella Place,"2, 10",140.0000
2018-02-21,HV,5,3 Pick 1,"5, 9",26.5000
2018-02-21,HV,5,3 Pick 1,"1, 10, 12",0.0000
2018-02-21,HV,5,3 Pick 1,"2, 3, 4, 6, 7, 8, 11",0.0000
2018-02-21,HV,5,Tierce,"5, 10, 2",3201.0000
2018-02-21,HV,5,Trio,"2, 5, 10",684.0000
2018-02-21,HV,5,First 4,"2, 5, 10, 12",894.0000
2018-02-21,HV,5,Quartet,"5, 10, 2, 12",20760.0000
2018-02-21,HV,5,4th Double,2/5,340.0000
2018-02-21,HV,5,4th Double (Consolation),2/10,85.5000
2018-02-21,HV,5,1st Double Trio,"2, 4, 9/2, 5, 10",44161.0000
2018-02-21,HV,6,Win,2,29.0000
2018-02-21,HV,6,Place,2,13.0000
2018-02-21,HV,6,Place,3,18.5000
2018-02-21,HV,6,Place,6,20.0000
2018-02-21,HV,6,Quinella,"2, 3",86.5000
2018-02-21,HV,6,Quinella Place,"2, 3",40.0000
2018-02-21,HV,6,Quinella Place,"2, 6",35.5000
2018-02-21,HV,6,Quinella Place,"3, 6",52.0000
2018-02-21,HV,6,3 Pick 1,"2, 5",22.5000
2018-02-21,HV,6,3 Pick 1,"1, 3, 6",0.0000
2018-02-21,HV,6,3 Pick 1,"4, 7, 8, 9, 10",0.0000
2018-02-21,HV,6,Tierce,"2, 3, 6",759.0000
2018-02-21,HV,6,Trio,"2, 3, 6",148.0000
2018-02-21,HV,6,First 4,"1, 2, 3, 6",235.0000
2018-02-21,HV,6,Quartet,"2, 3, 6, 1",3966.0000
2018-02-21,HV,6,5th Double,5/2,237.0000
2018-02-21,HV,6,5th Double (Consolation),5/3,45.5000
2018-02-21,HV,7,Win,5,88.0000
2018-02-21,HV,7,Place,5,31.5000
2018-02-21,HV,7,Place,11,24.0000
2018-02-21,HV,7,Place,9,49.0000
2018-02-21,HV,7,Quinella,"5, 11",341.5000
2018-02-21,HV,7,Quinella Place,"5, 11",127.5000
2018-02-21,HV,7,Quinella Place,"5, 9",264.0000
2018-02-21,HV,7,Quinella Place,"9, 11",208.5000
2018-02-21,HV,7,3 Pick 1,"3, 11",0.0000
2018-02-21,HV,7,3 Pick 1,"1, 4, 12",0.0000
2018-02-21,HV,7,3 Pick 1,"2, 5, 6, 7, 8, 9, 10",19.5000
2018-02-21,HV,7,Tierce,"5, 11, 9",11870.0000
2018-02-21,HV,7,Trio,"5, 9, 11",2142.0000
2018-02-21,HV,7,First 4,"5, 9, 11, 12",3833.0000
2018-02-21,HV,7,Quartet,"5, 11, 9, 12",101056.0000
2018-02-21,HV,7,6th Double,2/5,379.5000
2018-02-21,HV,7,6th Double (Consolation),2/11,41.5000
2018-02-21,HV,7,Triple Trio (Consolation),"2, 5, 10/2, 3, 6/F",1885.0000
2018-02-21,HV,8,Win,2,19.0000
2018-02-21,HV,8,Place,2,12.0000
2018-02-21,HV,8,Place,12,295.5000
2018-02-21,HV,8,Place,4,25.5000
2018-02-21,HV,8,Quinella,"2, 12",1311.0000
2018-02-21,HV,8,Quinella Place,"2, 12",438.0000
2018-02-21,HV,8,Quinella Place,"2, 4",42.5000
2018-02-21,HV,8,Quinella Place,"4, 12",2101.5000
2018-02-21,HV,8,3 Pick 1,"2, 5",14.5000
2018-02-21,HV,8,3 Pick 1,"3, 4, 10",0.0000
2018-02-21,HV,8,3 Pick 1,"1, 6, 7, 8, 9, 11, 12",0.0000
2018-02-21,HV,8,Tierce,"2, 12, 4",16888.0000
2018-02-21,HV,8,Trio,"2, 4, 12",3872.0000
2018-02-21,HV,8,First 4,"2, 4, 5, 12",3978.0000
2018-02-21,HV,8,Quartet,"2, 12, 4, 5",96658.0000
2018-02-21,HV,8,7th Double,5/2,249.0000
2018-02-21,HV,8,7th Double (Consolation),5/12,2269.0000
2018-02-21,HV,8,2nd Double Trio,"5, 9, 11/2, 4, 12",585637.0000
2018-02-21,HV,9,Win,5,86.5000
2018-02-21,HV,9,Place,5,23.5000
2018-02-21,HV,9,Place,12,23.5000
2018-02-21,HV,9,Place,3,166.5000
2018-02-21,HV,9,Quinella,"5, 12",406.0000
2018-02-21,HV,9,Quinella Place,"5, 12",134.0000
2018-02-21,HV,9,Quinella Place,"3, 5",953.5000
2018-02-21,HV,9,Quinella Place,"3, 12",1026.5000
2018-02-21,HV,9,3 Pick 1,"9, 10",0.0000
2018-02-21,HV,9,3 Pick 1,"2, 5, 8",23.5000
2018-02-21,HV,9,3 Pick 1,"1, 3, 4, 6, 7, 11, 12",0.0000
2018-02-21,HV,9,Tierce,"5, 12, 3",61368.0000
2018-02-21,HV,9,Trio,"3, 5, 12",12371.0000
2018-02-21,HV,9,First 4,"3, 5, 10, 12",7680.0000
2018-02-21,HV,9,Quartet,"5, 12, 3, 10",213936.0000
2018-02-21,HV,9,8th Double,2/5,168.0000
2018-02-21,HV,9,8th Double (Consolation),2/12,32.5000
2018-02-21,HV,9,Treble,5/2/5,2291.0000
2018-02-21,HV,9,Treble (Consolation),5/2/12,361.0000
2018-02-21,HV,9,Six Up,"2, 4/5, 10/2, 3/5, 11/2, 12/5, 12",9549.0000
2018-02-21,HV,9,Six Win Bonus,2/5/2/5/2/5,132388.0000
2018-02-25,ST,3,Quinella Place,"5, 6",297.0000
2018-02-25,ST,4,Trio,"2, 9, 13",244.0000
2018-03-03,ST,9,8th Double (Consolation),4/8,74.5000
2018-03-03,ST,10,Win,6,38.0000
2018-03-03,ST,10,Place,12,53.0000
2018-03-03,ST,10,Place,2,15.0000
2018-03-03,ST,10,Quinella,"6, 12",391.5000
2018-03-03,ST,10,Quinella Place,"6, 12",122.0000
2018-03-03,ST,10,Quinella Place,"2, 6",34.0000
2018-03-03,ST,10,Quinella Place,"2, 12",122.0000
2018-03-03,ST,10,3 Pick 1,"6, 7",21.5000
2018-03-03,ST,10,3 Pick 1,"2, 12, 13",0.0000
2018-03-03,ST,10,3 Pick 1,"1, 3, 4, 5, 8, 9, 10, 11, 14",0.0000
2018-03-03,ST,10,Tierce,"6, 12, 2",2235.0000
2018-03-03,ST,10,Trio,"2, 6, 12",438.0000
2018-03-03,ST,10,First 4,"2, 6, 9, 12",1434.0000
2018-03-03,ST,10,Quartet,"6, 12, 2, 9",31392.0000
2018-03-03,ST,10,9th Double,6/6,234.5000
2018-03-03,ST,10,9th Double (Consolation),6/12,263.5000
2018-03-03,ST,10,Treble,4/6/6,5219.0000
2018-03-03,ST,10,Treble (Consolation),4/6/12,5470.0000
2018-03-03,ST,10,3rd Double Trio,"3, 6, 8/2, 6, 12",16402.0000
2018-03-03,ST,10,Six Up,"2, 11/4, 5/1, 3, 4/4, 11/6, 8/6, 12",2350.0000
2018-03-03,ST,10,Six Win Bonus,"11/4/1, 3/4/6/6",251550.0000
2018-03-07,HV,1,Win,4,31.5000
2018-03-07,HV,1,Place,4,15.0000
2018-03-07,HV,1,Place,9,30.5000
2018-03-07,HV,1,Place,2,21.0000
2018-03-07,HV,1,Quinella,"4, 9",157.0000
2018-03-07,HV,1,Quinella Place,"4, 9",59.0000
2018-03-07,HV,1,Quinella Place,"2, 4",45.5000
2018-03-07,HV,1,Quinella Place,"2, 9",79.0000
2018-03-07,HV,1,3 Pick 1,"4, 9",23.5000
2018-03-07,HV,1,3 Pick 1,"2, 8, 10",0.0000
2018-03-07,HV,1,3 Pick 1,"1, 3, 5, 6, 7, 11, 12",0.0000
2018-03-07,HV,1,Tierce,"4, 9, 2",846.0000
2018-03-07,HV,1,Trio,"2, 4, 9",169.0000
2018-03-07,HV,1,First 4,"2, 4, 9, 11",503.0000
2018-03-07,HV,1,Quartet,"4, 9, 2, 11",7347.0000
2018-03-07,HV,2,Win,2,15.0000
2018-03-07,HV,2,Place,2,10.1000
2018-03-07,HV,2,Place,3,13.0000
2018-03-07,HV,2,Place,7,33.0000
2018-03-07,HV,2,Quinella,"2, 3",33.0000
2018-03-07,HV,2,Quinella Place,"2, 3",15.0000
2018-03-07,HV,2,Quinella Place,"2, 7",45.5000
2018-03-07,HV,2,Quinella Place,"3, 7",85.0000
2018-03-07,HV,2,3 Pick 1,2,15.0000
2018-03-07,HV,2,3 Pick 1,"3, 4, 5",0.0000
2018-03-07,HV,2,3 Pick 1,"1, 6, 7",0.0000
2018-03-07,HV,2,Tierce,"2, 3, 7",290.0000
2018-03-07,HV,2,Trio,"2, 3, 7",109.0000
2018-03-07,HV,2,First 4,"2, 3, 5, 7",58.0000
2018-03-07,HV,2,Quartet,"2, 3, 7, 5",684.0000
2018-03-07,HV,2,1st Double,4/2,46.5000
2018-03-07,HV,2,1st Double (Consolation),4/3,35.5000
2018-03-07,HV,3,Win,4,42.5000
2018-03-07,HV,3,Place,4,17.5000
2018-03-07,HV,3,Place,8,32.0000
2018-03-07,HV,3,Place,10,26.0000
2018-03-07,HV,3,Quinella,"4, 8",398.5000
2018-03-07,HV,3,Quinella Place,"4, 8",99.0000
2018-03-07,HV,3,Quinella Place,"4, 10",69.5000
2018-03-07,HV,3,Quinella Place,"8, 10",171.0000
2018-03-07,HV,3,3 Pick 1,"6, 8",0.0000
2018-03-07,HV,3,3 Pick 1,"4, 9, 11",23.0000
2018-03-07,HV,3,3 Pick 1,"1, 2, 3, 5, 7, 10, 12",0.0000
2018-03-07,HV,3,Tierce,"4, 8, 10",2876.0000
2018-03-07,HV,3,Trio,"4, 8, 10",682.0000
2018-03-07,HV,3,First 4,"4, 8, 9, 10",1597.0000
2018-03-07,HV,3,Quartet,"4, 8, 10, 9",34718.0000
2018-03-07,HV,3,2nd Double,2/4,92.5000
2018-03-07,HV,3,2nd Double (Consolation),2/8,25.5000
2018-03-07,HV,4,Win,7,45.0000
2018-03-07,HV,4,Place,7,16.5000
2018-03-07,HV,4,Place,1,111.5000
2018-03-07,HV,4,Place,10,36.5000
2018-03-07,HV,4,Quinella,"1, 7",1015.0000
2018-03-07,HV,4,Quinella Place,"1, 7",299.0000
2018-03-07,HV,4,Quinella Place,"7, 10",115.5000
2018-03-07,HV,4,Quinella Place,"1, 10",706.5000
2018-03-07,HV,4,3 Pick 1,"7, 9",18.5000
2018-03-07,HV,4,3 Pick 1,"6, 8, 11",0.0000
2018-03-07,HV,4,3 Pick 1,"1, 2, 3, 4, 5, 10, 12",0.0000
2018-03-07,HV,4,Tierce,"7, 1, 10",17469.0000
2018-03-07,HV,4,Trio,"1, 7, 10",3725.0000
2018-03-07,HV,4,First 4,"1, 7, 9, 10",1934.0000
2018-03-07,HV,4,Quartet,"7, 1, 10, 9",50790.0000
2018-03-07,HV,4,3rd Double,4/7,188.5000
2018-03-07,HV,4,3rd Double (Consolation),4/1,346.0000
2018-03-07,HV,4,1st Double Trio,"4, 8, 10/1, 7, 10",940125.0000
2018-03-07,HV,5,Win,2,19.5000
2018-03-07,HV,5,Place,2,12.0000
2018-03-07,HV,5,Place,1,20.0000
2018-03-07,HV,5,Place,10,104.0000
2018-03-07,HV,5,Quinella,"1, 2",73.5000
2018-03-07,HV,5,Quinella Place,"1, 2",34.0000
2018-03-07,HV,5,Quinella Place,"2, 10",225.0000
2018-03-07,HV,5,Quinella Place,"1, 10",362.0000
2018-03-07,HV,5,3 Pick 1,"2, 5",17.0000
2018-03-07,HV,5,3 Pick 1,"1, 3, 12",0.0000
2018-03-07,HV,5,3 Pick 1,"4, 6, 7, 8, 9, 10, 11",0.0000
2018-03-07,HV,5,Tierce,"2, 1, 10",2915.0000
2018-03-07,HV,5,Trio,"1, 2, 10",1040.0000
2018-03-07,HV,5,First 4,"1, 2, 10, 12",1441.0000
2018-03-07,HV,5,Quartet,"2, 1, 10, 12",19764.0000
2018-03-07,HV,5,4th Double,7/2,69.5000
2018-03-07,HV,5,4th Double (Consolation),7/1,46.0000
2018-03-07,HV,6,Win,1,43.0000
2018-03-07,HV,6,Place,1,18.0000
2018-03-07,HV,6,Place,11,12.5000
2018-03-03,ST,10,Place,6,14.5000
2018-03-07,HV,6,Place,8,40.5000
2018-03-07,HV,6,Quinella,"1, 11",79.0000
2018-03-07,HV,6,Quinella Place,"1, 8",139.0000
2018-03-07,HV,6,Quinella Place,"8, 11",73.5000
2018-03-07,HV,6,3 Pick 1,"1, 11",17.5000
2018-03-07,HV,6,3 Pick 1,"2, 3, 4",0.0000
2018-03-07,HV,6,3 Pick 1,"5, 6, 7, 8, 9, 10, 12",0.0000
2018-03-07,HV,6,Tierce,"1, 11, 8",1735.0000
2018-03-07,HV,6,Trio,"1, 8, 11",321.0000
2018-03-07,HV,6,First 4,"1, 4, 8, 11",639.0000
2018-03-07,HV,6,Quartet,"1, 11, 8, 4",10315.0000
2018-03-07,HV,6,5th Double,2/1,80.5000
2018-03-07,HV,6,5th Double (Consolation),2/11,10.5000
2018-03-07,HV,6,Triple Trio (Consolation),"1, 7, 10/1, 2, 10/F",53786.0000
2018-03-07,HV,7,Win,5,136.5000
2018-03-07,HV,7,Place,5,36.0000
2018-03-07,HV,7,Place,4,38.0000
2018-03-07,HV,7,Place,12,21.0000
2018-03-07,HV,7,Quinella,"4, 5",551.0000
2018-03-07,HV,7,Quinella Place,"4, 5",219.0000
2018-03-07,HV,7,Quinella Place,"5, 12",108.5000
2018-03-07,HV,7,Quinella Place,"4, 12",102.5000
2018-03-07,HV,7,3 Pick 1,"7, 12",0.0000
2018-03-07,HV,7,3 Pick 1,"1, 5, 10",25.0000
2018-03-07,HV,7,3 Pick 1,"2, 3, 4, 6, 8, 9, 11",0.0000
2018-03-07,HV,7,Tierce,"5, 4, 12",8072.0000
2018-03-07,HV,7,Trio,"4, 5, 12",816.0000
2018-03-07,HV,7,First 4,"2, 4, 5, 12",2041.0000
2018-03-07,HV,7,Quartet,"5, 4, 12, 2",57037.0000
2018-03-07,HV,7,6th Double,1/5,491.0000
2018-03-07,HV,7,6th Double (Consolation),1/4,88.0000
2018-03-07,HV,7,2nd Double Trio,"1, 8, 11/4, 5, 12",30445.0000
2018-03-07,HV,8,Win,5,34.0000
2018-03-07,HV,8,Place,5,15.0000
2018-03-07,HV,8,Place,7,27.5000
2018-03-07,HV,8,Place,8,173.5000
2018-03-07,HV,8,Quinella,"5, 7",156.0000
2018-03-07,HV,8,Quinella Place,"5, 7",60.0000
2018-03-07,HV,8,Quinella Place,"5, 8",390.5000
2018-03-07,HV,8,Quinella Place,"7, 8",930.0000
2018-03-07,HV,8,3 Pick 1,"5, 6",18.0000
2018-03-07,HV,8,3 Pick 1,"2, 7, 10",0.0000
2018-03-07,HV,8,3 Pick 1,"1, 3, 4, 8, 9, 11, 12",0.0000
2018-03-07,HV,8,Tierce,"5, 7, 8",10239.0000
2018-03-07,HV,8,Trio,"5, 7, 8",3099.0000
2018-03-07,HV,8,First 4,"3, 5, 7, 8",31152.0000
2018-03-07,HV,8,Quartet,"5, 7, 8, 3",266159.0000
2018-03-07,HV,8,7th Double,5/5,449.0000
2018-03-07,HV,8,7th Double (Consolation),5/7,181.5000
2018-03-07,HV,8,Treble,1/5/5,1661.0000
2018-03-07,HV,8,Treble (Consolation),1/5/7,812.0000
2018-03-07,HV,8,Six Up,"4, 8/1, 7/1, 2/1, 11/4, 5/5, 7",2901.0000
2018-03-07,HV,8,Six Win Bonus,4/7/2/1/5/5,55749.0000
2018-03-07,HV,6,Quinella Place,"1, 11",34.5000
2018-02-25,ST,3,Place,12,94.0000
2018-02-25,ST,3,Place,5,42.0000
2018-02-25,ST,3,Place,6,43.5000
2018-02-25,ST,3,Quinella,"5, 12",3599.0000
2018-02-25,ST,3,Quinella Place,"5, 12",928.0000
2018-02-25,ST,3,Quinella Place,"6, 12",756.0000
2018-02-25,ST,3,3 Pick 1,"8, 10",0.0000
2018-02-25,ST,3,3 Pick 1,"1, 6, 9",0.0000
2018-02-25,ST,3,3 Pick 1,"2, 3, 4, 5, 7, 11, 12, 13, 14",19.5000
2018-02-25,ST,3,Tierce,"12, 5, 6",108333.0000
2018-02-25,ST,3,Trio,"5, 6, 12",16882.0000
2018-02-25,ST,3,First 4,"5, 6, 8, 12",15416.0000
2018-02-25,ST,3,Quartet,"12, 5, 6, 8",501725.0000
2018-02-25,ST,3,2nd Double,1/12,1762.0000
2018-02-25,ST,3,2nd Double (Consolation),1/5,119.5000
2018-02-25,ST,4,Win,2,35.5000
2018-02-25,ST,4,Place,2,15.0000
2018-02-25,ST,4,Place,13,17.0000
2018-02-25,ST,4,Place,9,27.5000
2018-02-25,ST,4,Quinella,"2, 13",85.0000
2018-02-25,ST,4,Quinella Place,"2, 13",37.0000
2018-02-25,ST,4,Quinella Place,"2, 9",61.5000
2018-02-25,ST,4,Quinella Place,"9, 13",72.0000
2018-02-25,ST,4,3 Pick 1,"1, 13",0.0000
2018-02-25,ST,4,3 Pick 1,"2, 3, 9",19.5000
2018-02-25,ST,4,3 Pick 1,"4, 5, 6, 7, 8, 10, 11, 12",0.0000
2018-02-25,ST,4,Tierce,"2, 13, 9",1109.0000
2018-02-25,ST,4,First 4,"1, 2, 9, 13",171.0000
2018-02-25,ST,4,Quartet,"2, 13, 9, 1",3939.0000
2018-02-25,ST,4,3rd Double,12/2,1660.5000
2018-02-25,ST,4,3rd Double (Consolation),12/13,221.0000
2018-02-25,ST,5,Win,12,15.5000
2018-02-25,ST,5,Place,12,10.5000
2018-02-25,ST,5,Place,13,60.5000
2018-02-25,ST,5,Place,3,162.5000
2018-02-25,ST,5,Quinella,"12, 13",173.5000
2018-02-25,ST,5,Quinella Place,"12, 13",71.0000
2018-02-25,ST,5,Quinella Place,"3, 12",285.5000
2018-02-25,ST,5,Quinella Place,"3, 13",1497.0000
2018-02-25,ST,5,3 Pick 1,"7, 12",13.0000
2018-02-25,ST,5,3 Pick 1,"1, 2, 8",0.0000
2018-02-25,ST,5,3 Pick 1,"3, 4, 5, 6, 9, 10, 11, 13, 14",0.0000
2018-02-25,ST,5,Tierce,"12, 13, 3",9923.0000
2018-02-25,ST,5,Trio,"3, 12, 13",4743.0000
2018-02-25,ST,5,First 4,"2, 3, 12, 13",4060.0000
2018-02-25,ST,5,Quartet,"12, 13, 3, 2",62971.0000
2018-02-25,ST,5,4th Double,2/12,59.0000
2018-02-25,ST,5,4th Double (Consolation),2/13,270.0000
2018-02-25,ST,5,1st Double Trio,"2, 9, 13/3, 12, 13",178050.0000
2018-02-25,ST,6,Win,10,378.5000
2018-02-25,ST,6,Place,10,89.5000
2018-02-25,ST,6,Place,11,27.0000
2018-02-25,ST,6,Place,12,44.0000
2018-02-25,ST,6,Quinella,"10, 11",1954.5000
2018-02-25,ST,6,Quinella Place,"10, 11",524.5000
2018-02-25,ST,6,Quinella Place,"10, 12",831.0000
2018-02-25,ST,6,Quinella Place,"11, 12",228.0000
2018-02-25,ST,6,3 Pick 1,"4, 6",0.0000
2018-02-25,ST,6,3 Pick 1,"5, 8, 14",0.0000
2018-02-25,ST,6,3 Pick 1,"1, 2, 3, 7, 9, 10, 11, 12, 13",18.5000
2018-02-25,ST,6,Tierce,"10, 11, 12",32615.0000
2018-02-25,ST,6,Trio,"10, 11, 12",5503.0000
2018-02-25,ST,6,First 4,"1, 10, 11, 12",12216.0000
2018-02-25,ST,6,Quartet,"10, 11, 12, 1",294640.0000
2018-02-25,ST,6,5th Double,12/10,711.5000
2018-02-25,ST,6,5th Double (Consolation),12/11,42.0000
2018-02-25,ST,7,Win,5,113.5000
2018-02-25,ST,7,Place,5,34.5000
2018-02-25,ST,7,Place,9,51.5000
2018-02-25,ST,7,Place,6,39.5000
2018-02-25,ST,7,Quinella,"5, 9",837.5000
2018-02-25,ST,7,Quinella Place,"5, 9",273.5000
2018-02-25,ST,7,Quinella Place,"5, 6",176.5000
2018-02-25,ST,7,Quinella Place,"6, 9",325.5000
2018-02-25,ST,7,3 Pick 1,"5, 8",51.0000
2018-02-25,ST,7,3 Pick 1,"2, 3, 4",0.0000
2018-02-25,ST,7,3 Pick 1,"1, 6, 7, 9, 10, 11, 12, 13, 14",0.0000
2018-02-25,ST,7,Tierce,"5, 9, 6",15475.0000
2018-02-25,ST,7,Trio,"5, 6, 9",3180.0000
2018-02-25,ST,7,First 4,"3, 5, 6, 9",4475.0000
2018-02-25,ST,7,Quartet,"5, 9, 6, 3",127092.0000
2018-02-25,ST,7,6th Double,10/5,4907.5000
2018-02-25,ST,7,6th Double (Consolation),10/9,914.0000
2018-02-25,ST,7,Triple Trio (Consolation),"3, 12, 13/F/F",799.0000
2018-02-25,ST,8,Win,1,30.5000
2018-02-25,ST,8,Place,1,13.5000
2018-02-25,ST,8,Place,2,10.5000
2018-02-25,ST,8,Place,4,25.0000
2018-02-25,ST,8,Quinella,"1, 2",36.0000
2018-02-25,ST,8,Quinella Place,"1, 2",17.0000
2018-02-25,ST,8,Quinella Place,"1, 4",37.5000
2018-02-25,ST,8,Quinella Place,"2, 4",32.5000
2018-02-25,ST,8,3 Pick 1,"1, 2",14.5000
2018-02-25,ST,8,3 Pick 1,"3, 4, 7",0.0000
2018-02-25,ST,8,3 Pick 1,"5, 6, 8, 9",0.0000
2018-02-25,ST,8,3 Pick 1,"1, 3, 7",16.5000
2018-02-25,ST,8,3 Pick 1,"2, 6, 9",0.0000
2018-02-25,ST,8,3 Pick 1,"4, 5, 8",0.0000
2018-02-25,ST,8,Winning Trainer,,0.0000
2018-02-25,ST,8,Tierce,"1, 2, 4",335.0000
2018-02-25,ST,8,Trio,"1, 2, 4",78.0000
2018-02-25,ST,8,First 4,"1, 2, 3, 4",74.0000
2018-02-25,ST,8,Quartet,"1, 2, 4, 3",1174.0000
2018-02-25,ST,8,7th Double,5/1,379.0000
2018-02-25,ST,8,7th Double (Consolation),5/2,53.0000
2018-02-25,ST,8,2nd Double Trio,"5, 6, 9/1, 2, 4",43052.0000
2018-02-25,ST,9,Win,2,49.5000
2018-02-25,ST,9,Place,2,18.0000
2018-02-25,ST,9,Place,4,14.0000
2018-02-25,ST,9,Place,6,16.0000
2018-02-25,ST,9,Quinella,"2, 4",104.5000
2018-02-25,ST,9,Quinella Place,"2, 4",35.5000
2018-02-25,ST,9,Quinella Place,"2, 6",51.0000
2018-02-25,ST,9,Quinella Place,"4, 6",23.0000
2018-02-25,ST,9,3 Pick 1,"4, 6",0.0000
2018-02-25,ST,9,3 Pick 1,"1, 2, 11",21.5000
2018-02-25,ST,9,3 Pick 1,"3, 5, 7, 8, 9, 10",0.0000
2018-02-25,ST,9,3 Pick 1,"1, 2",33.0000
2018-02-25,ST,9,3 Pick 1,"3, 5, 9",0.0000
2018-02-25,ST,9,3 Pick 1,"4, 7",0.0000
2018-02-25,ST,9,3 Pick 1,"6, 8, 10, 11",0.0000
2018-02-25,ST,9,Winning Trainer,,0.0000
2018-02-25,ST,9,Tierce,"2, 4, 6",740.0000
2018-02-25,ST,9,Trio,"2, 4, 6",90.0000
2018-02-25,ST,9,First 4,"2, 4, 6, 9",1033.0000
2018-02-25,ST,9,Quartet,"2, 4, 6, 9",20262.0000
2018-02-25,ST,9,8th Double,1/2,218.0000
2018-02-25,ST,9,8th Double (Consolation),1/4,18.5000
2018-02-25,ST,10,Win,14,23.5000
2018-02-25,ST,10,Place,14,12.5000
2018-02-25,ST,10,Place,3,44.5000
2018-02-25,ST,10,Place,12,20.5000
2018-02-25,ST,10,Quinella,"3, 14",210.5000
2018-02-25,ST,10,Quinella Place,"3, 14",78.5000
2018-02-25,ST,10,Quinella Place,"12, 14",33.5000
2018-02-25,ST,10,Quinella Place,"3, 12",160.0000
2018-02-25,ST,10,3 Pick 1,"4, 14",19.0000
2018-02-25,ST,10,3 Pick 1,"1, 2, 12",0.0000
2018-02-25,ST,10,3 Pick 1,"3, 5, 6, 7, 8, 9, 10, 11, 13",0.0000
2018-02-25,ST,10,Tierce,"14, 3, 12",1673.0000
2018-02-25,ST,10,Trio,"3, 12, 14",353.0000
2018-02-25,ST,10,First 4,"3, 5, 12, 14",1449.0000
2018-02-25,ST,10,Quartet,"14, 3, 12, 5",20258.0000
2018-02-25,ST,10,9th Double,2/14,182.5000
2018-02-25,ST,10,9th Double (Consolation),2/3,297.0000
2018-02-25,ST,11,Win,12,289.5000
2018-02-25,ST,11,Place,12,67.0000
2018-02-25,ST,11,Place,7,15.5000
2018-02-25,ST,11,Place,14,30.0000
2018-02-25,ST,11,Quinella,"7, 12",586.5000
2018-02-25,ST,11,Quinella Place,"7, 12",214.0000
2018-02-25,ST,11,Quinella Place,"12, 14",415.5000
2018-02-25,ST,11,Quinella Place,"7, 14",78.0000
2018-02-25,ST,11,3 Pick 1,"7, 10",0.0000
2018-02-25,ST,11,3 Pick 1,"3, 6, 11",0.0000
2018-02-25,ST,11,3 Pick 1,"1, 2, 4, 5, 8, 9, 12, 13, 14",34.0000
2018-02-25,ST,11,Tierce,"12, 7, 14",16067.0000
2018-02-25,ST,11,Trio,"7, 12, 14",1853.0000
2018-02-25,ST,11,First 4,"7, 11, 12, 14",3746.0000
2018-02-25,ST,11,Quartet,"12, 7, 14, 11",120695.0000
2018-02-25,ST,11,10th Double,14/12,552.5000
2018-02-25,ST,11,10th Double (Consolation),14/7,11.0000
2018-02-25,ST,11,Treble,2/14/12,4302.0000
2018-02-25,ST,11,Treble (Consolation),2/14/7,100.0000
2018-02-25,ST,11,3rd Double Trio,"3, 12, 14/7, 12, 14",66270.0000
2018-02-25,ST,11,Six Up,"10, 11/5, 9/1, 2/2, 4/3, 14/7, 12",10017.0000
